,0_SV,0_time,0_layer,1_SV,1_time,1_layer,2_SV,2_time,2_layer,3_SV,3_time,3_layer,4_SV,4_time,4_layer,5_SV,5_time,5_layer,6_SV,6_time,6_layer,7_SV,7_time,7_layer,8_SV,8_time,8_layer,9_SV,9_time,9_layer
0,-0.059974491596221924,72.31191301345825,1727,0.0033807754516601562,51.64433407783508,1169,0.1931006908416748,40.47718286514282,860,0.1663450002670288,27.991371870040894,520,-0.010965824127197266,72.76311588287354,1716,-0.033050596714019775,23.827237129211426,409,-0.08787357807159424,58.2526171207428,1353,0.11210823059082031,63.49587869644165,1493,-0.0667218565940857,47.260887145996094,1029,-0.019357800483703613,33.42089796066284,661
1,-0.020545512437820435,11.26958155632019,62,-0.02702409029006958,51.471128940582275,1149,0.14970380067825317,14.755814790725708,151,-0.033080220222473145,69.61121678352356,1451,-0.06202960014343262,50.072776317596436,769,0.035280317068099976,57.388070583343506,933,-0.0015185773372650146,40.2494170665741,570,0.08029007911682129,29.109540462493896,324,0.0480940043926239,75.64541482925415,1318,0.0016193389892578125,17.278579235076904,72
2,0.0007680654525756836,53.945367097854614,852,-0.03098936875661214,56.914722204208374,916,0.033024549484252916,70.44504237174988,1202,-0.011668880780537924,30.239152908325195,347,-0.08912444114685059,76.10641431808472,1387,0.01581478118896484,78.85036134719849,1911,-0.037732839584350586,40.676180601119995,873,0.08468500773111978,44.141565561294556,961,0.02394376198450724,16.322446584701538,201,0.0011788606643676758,27.83950185775757,521
3,-0.2550470381975174,74.73558330535889,1786,-0.03305654227733612,36.20499300956726,747,0.05753749608993529,30.335084438323975,589,-0.023120656609535217,60.63306450843811,1425,-0.07563024759292603,51.10353708267212,1178,0.01654046773910522,51.81294012069702,1175,-5.510449409484863e-05,78.86396837234497,1927,0.1248498409986496,30.362184047698975,583,-0.013574376702308655,72.424729347229,1755,0.0015330761671066284,63.40822124481201,1495
4,-0.24168576002120973,44.66790747642517,980,-0.04993250370025635,18.72752094268799,267,0.05857801437377928,41.97594404220581,918,-0.01971360445022583,18.546508312225342,265,-0.037422704696655276,20.700520277023315,319,0.007132816314697263,24.903494596481323,435,0.0026978254318237305,13.20282506942749,114,0.10898783206939698,45.99606537818909,1014,0.023379814624786378,30.401282787322998,598,0.023919451236724853,44.65243744850159,983
5,-0.199459840854009,11.36587119102478,64,-0.043423195679982506,19.45289635658264,285,0.05624682704607645,80.20707511901855,1954,-0.01851351062456767,15.747792720794678,183,-0.0011108517646789585,66.64655756950378,1570,0.006435970465342202,64.72232699394226,1517,0.011733204126358032,16.018916845321655,192,0.0870696504910787,25.589762449264526,453,0.01975513497988383,10.64984679222107,32,0.01518353819847107,14.170630931854248,141
6,-0.15935754776000977,55.581329107284546,1261,-0.045123432363782606,73.25061655044556,1739,0.05661960159029278,56.17127466201782,1280,-0.028652608394622803,24.52850031852722,427,0.011222226279122486,63.65204119682312,1481,-0.01351078919001988,78.85679793357849,1876,0.005101144313812256,31.328596353530884,604,0.09058511257171632,66.62160444259644,1559,0.019991278648376465,74.13713550567627,1781,0.01629125220435006,50.805601358413696,1150
7,-0.1264224499464035,67.4314124584198,1624,-0.042723096907138824,71.34103894233704,1717,0.03986134380102156,34.712647676467896,700,-0.02615296095609665,73.5437593460083,1762,0.014055475592613217,29.685819387435913,575,-0.02586456388235092,43.77664494514465,949,-0.0046921223402023315,73.47021627426147,1762,0.08150359243154527,71.71935820579529,1715,0.016470588743686676,18.872679948806763,260,0.00045207142829894846,76.30616927146912,1868
8,-0.08261667357550725,65.48882365226746,1548,-0.041579756471845836,14.730794668197632,151,0.03673138883378769,48.02617287635803,1063,-0.03387685616811116,48.681792974472046,1090,0.00792451699574788,17.724971294403076,238,-0.020269691944122314,34.556456565856934,702,0.02108633518218994,77.43923950195312,1863,0.07621180348926121,74.16445708274841,1782,0.033725586202409535,42.31552052497864,910,0.01317155361175537,50.379005670547485,1130
9,-0.07305233478546141,32.237037658691406,654,-0.04202143549919128,26.886552572250366,480,0.03997656702995299,21.650306224822998,347,-0.037297230958938596,62.89049053192139,1477,-0.000975906848907475,68.48598194122314,1619,-0.010592383146286013,12.281922340393066,88,0.025341498851776122,75.53867554664612,1821,0.06926011443138123,44.20290994644165,987,0.033913916349411016,46.96720361709595,1038,0.053122842311859125,46.019145250320435,991
10,-0.07870858365839176,55.770179748535156,1273,-0.03787181052294644,10.355867385864258,35,0.03704935312271117,38.772881746292114,813,-0.03026118603619662,77.88063859939575,1896,-0.00615931099111384,62.72830295562744,1470,-0.01734921065243808,82.29704570770264,1998,0.01860785484313965,50.08569645881653,1133,0.07053736665032126,66.43160843849182,1563,0.04924739490855824,53.88905692100525,1215,0.0507834336974404,71.18773484230042,1693
11,-0.07990465064843494,27.26815414428711,501,-0.030326743920644123,50.60004377365112,1139,0.05409871538480121,66.83482813835144,1588,-0.030725851655006405,65.05959701538086,1532,-0.01095009843508403,74.73502349853516,1800,-0.03225381672382355,55.2863347530365,1278,0.010591944058736164,55.18715310096741,1246,0.06153455873330433,12.116655349731445,79,0.04871875047683716,31.15609049797058,603,0.047372927268346146,22.24594736099243,354
12,-0.04945695858735303,49.87295985221863,1106,-0.024848094353309043,21.26328754425049,339,0.04638299575218786,71.90356659889221,1712,-0.024257953350360576,50.7189154624939,1129,-0.01909877703740047,16.54527497291565,205,-0.016419351100921634,74.92656922340393,1796,0.006238240462083083,12.671928882598877,88,0.08103530682050264,16.441989421844482,205,0.03909771259014423,61.72196340560913,1454,0.05558261963037344,69.5340166091919,1662
13,-0.04863524862698145,47.9734673500061,1046,-0.01964844124657767,70.8881323337555,1710,0.09479303870882305,21.235015869140625,335,-0.022071259362357005,20.00428557395935,292,-0.036937760455267775,68.24883604049683,1627,-0.015285300357001172,30.229748249053955,582,0.015568584203720093,44.748207807540894,983,0.06718935711043221,68.75694370269775,1647,0.04019744907106672,63.24855899810791,1475,0.04450554932866778,56.61846208572388,1299
14,-0.04566891590754191,11.27944827079773,63,-0.016601765155792238,16.848212718963623,215,0.09474038283030191,55.97632670402527,1281,-0.01879995663960775,33.603270530700684,676,-0.03468292951583863,14.200215339660645,144,-0.0161810318628947,71.69106388092041,1735,0.015138415495554607,21.490537881851196,329,0.058090341091156,75.3244206905365,1806,0.03392848571141561,80.7970712184906,1982,0.03866315682729086,58.37585473060608,1354
15,-0.04573351889848709,77.91781854629517,1914,-0.02032608538866043,42.06097483634949,899,0.08537664636969565,28.226967096328735,521,-0.013311631977558136,31.83582329750061,624,-0.03563858941197396,56.650837898254395,1292,-0.02703163027763367,46.72101545333862,1042,0.02234770730137825,45.82687711715698,1002,0.05147193744778633,29.588134765625,561,0.02287152037024498,29.295210361480713,559,0.07776620239019394,17.73820185661316,242
16,-0.030098515398362106,22.085073232650757,358,-0.01612534943748923,51.917333364486694,1164,0.04841132374370798,32.03407168388367,645,-0.010452694752637076,25.289888381958008,453,-0.0234872067675871,44.13323473930359,953,-0.02969200470868279,16.64218235015869,211,0.021699446089127484,23.753792762756348,407,0.04836523182251874,17.025763034820557,227,0.022324677775887883,12.016294240951538,84,0.07510783742455875,61.086782932281494,1447
17,-0.03745208515061273,69.88963103294373,1678,-0.019664486249287925,36.291882038116455,747,0.04408874776628281,34.97992134094238,709,-0.014974239799711438,15.562296390533447,183,-0.031153519948323567,18.668492317199707,269,-0.021596001254187692,53.748687744140625,1228,0.01764757765663995,60.10566854476929,1399,0.05550578898853726,33.3553192615509,663,0.028915759589936998,25.707041025161743,458,0.06859906183348762,76.03091979026794,1811
18,-0.03584826306292885,12.31236720085144,89,-0.018372460415488796,12.102701187133789,83,0.04400504576532463,32.135340452194214,613,-0.015050439458144335,10.708111047744751,32,-0.025235116481781002,39.52078437805176,825,-0.02292381462297942,49.72689890861511,1119,0.018866184510682758,45.65446639060974,1005,0.05914495179527684,29.21362829208374,542,0.025531254316631113,58.81380486488342,1321,0.06564433323709588,35.68359327316284,728
19,-0.027490982413291922,17.563421726226807,232,-0.0181121289730072,15.26783299446106,172,0.04904271364212035,65.85226964950562,1550,-0.013584735989570614,46.138237953186035,1021,-0.024067884683609004,68.8486557006836,1641,-0.020062950253486634,52.12283897399902,1171,0.015303498506546017,46.076255798339844,1014,0.05650093257427215,56.364502906799316,1302,0.021422398090362546,13.169995784759521,116,0.0628057062625885,10.39248251914978,42
20,-0.026831601347242072,24.1176860332489,415,-0.015253143651144843,29.990631341934204,568,0.04938327130817231,16.45939564704895,201,-0.016402517046247206,51.52817368507385,1163,-0.029051494030725385,29.19715976715088,560,-0.022570346082959856,31.017489433288574,591,0.042682749884469164,63.899696588516235,1504,0.053495869750068294,63.3016939163208,1514,0.01238586789085751,49.571470499038696,1113,0.05762043737229846,72.96677422523499,1752
21,-0.0216273394497958,25.50343918800354,446,-0.013474610718813809,22.284924268722534,359,0.049211279912428414,11.76321291923523,77,-0.010663379322398789,14.780240535736084,157,-0.028911197727376763,11.44243836402893,65,-0.02378382195125927,10.332737684249878,37,0.04068132964047518,55.609466552734375,1281,0.048953801393508904,10.371772527694702,38,0.019424666057933457,16.63354754447937,212,0.059930061752145936,70.75001740455627,1681
22,-0.02359310699545818,46.13592004776001,1011,-0.007744312286376953,11.947721719741821,83,0.04063602634098218,14.936333894729614,152,-0.00476518402928891,56.779364347457886,1312,-0.025045472642649773,30.86349582672119,599,-0.02140547140784886,37.91589331626892,784,0.04118330582328464,15.874768257141113,180,0.0513817020084547,81.55137205123901,1997,0.021548146786897076,29.35625982284546,564,0.05944480066714079,34.45582294464111,685
23,-0.02852943042914072,63.6126663684845,1496,-0.0062269866466522225,82.12142324447632,1989,0.036969239513079316,60.62908697128296,1414,-0.00595870365699132,38.85080409049988,812,-0.038159931699434914,47.89850878715515,1064,-0.020901657640933997,52.45029830932617,1193,0.0407481218377749,49.57487988471985,1111,0.05058666318655014,37.076911211013794,766,0.023799781997998554,73.54877018928528,1761,0.06503060708443324,37.32983422279358,777
24,-0.027629911899566643,38.13560724258423,802,-0.0014532208442687997,65.07082271575928,1526,0.03721139192581176,23.187114238739014,378,-0.00023712396621703834,68.21212530136108,1626,-0.041627359390258786,34.415292739868164,701,-0.030272018909454353,42.94228005409241,935,0.03751236200332641,46.62307119369507,1030,0.048485150337219236,30.28785467147827,582,0.027670662403106686,63.182087659835815,1462,0.0627694797515869,62.3998167514801,1474
25,-0.014999018265650818,53.828468561172485,1224,-0.0011871480024777934,68.91908431053162,1620,0.04081698564382699,38.89104080200195,815,0.012648036846747767,54.369165658950806,1238,-0.04206409821143517,21.685056924819946,347,-0.028387493812120888,60.73430013656616,1418,0.025601144020373997,24.435033321380615,426,0.05103746056556702,81.10495924949646,1992,0.028697669506072995,24.055351972579956,419,0.05986160498399,68.73875975608826,1642
26,-0.013827182628490302,61.12433910369873,1440,-0.001151197486453587,30.055872201919556,575,0.03975148333443535,50.664424896240234,1133,0.013109143133516665,20.715108156204224,324,-0.04122421035060176,16.3364040851593,193,-0.02825879829901237,63.02943444252014,1465,0.020566615793440067,23.80055570602417,403,0.047298844213838925,63.78652310371399,1474,0.02872205884368331,26.414745092391968,478,0.0602218641175164,39.40748882293701,828
27,-0.014017965112413674,79.85540199279785,1935,-0.0012228914669581829,48.60315179824829,1079,0.03288871475628444,81.59920620918274,1983,0.006149943385805404,71.32408094406128,1699,-0.03614634701183864,11.833840370178223,74,-0.03120711658682143,46.81953454017639,1036,0.015838322894913798,55.93941593170166,1298,0.04317172297409602,68.08709144592285,1624,0.031092799135616845,75.21762537956238,1828,0.05945467948913573,65.11176919937134,1543
28,-0.015881626770414152,65.30582308769226,1516,9.780300074610157e-05,65.30920457839966,1525,0.03808103142113521,75.0237877368927,1803,0.006052035709907271,72.59141826629639,1741,-0.03867683739497744,18.11008644104004,238,-0.026908488109194006,64.19157934188843,1499,0.016409458785221483,39.297313928604126,824,0.044269035602438035,41.795727252960205,880,0.03179238993546058,25.042370557785034,438,0.05996019470280613,19.141887426376343,280
29,-0.0180816113948822,20.674395322799683,320,-0.0015083511670430506,49.43327736854553,1100,0.04262229005495707,31.241637706756592,603,0.015921139717102052,70.67699718475342,1700,-0.03973015348116557,74.03253555297852,1783,-0.025228112936019904,67.59737420082092,1624,0.014792348941167186,28.95627498626709,545,0.0416552742322286,13.6683509349823,117,0.0324207603931427,73.59133577346802,1747,0.0517776052157084,37.40788674354553,761
30,-0.01852016487429219,46.509151220321655,1029,-0.0027139994405931045,26.761346340179443,492,0.03962895562571864,46.278886795043945,1029,0.012195708290223154,20.194395542144775,308,-0.03644727699218259,40.699814319610596,866,-0.022877104820743694,58.92680549621582,1368,0.01621465144618864,46.80466365814209,1040,0.049681184753294916,29.542132139205933,581,0.030549618505662488,75.22902035713196,1821,0.047494453768576333,72.62014651298523,1740
31,-0.018851345404982567,15.158294200897217,158,-0.0034541413187980656,33.34460973739624,651,0.03623116388916969,15.888306617736816,190,0.009770553559064867,29.729161500930786,571,-0.030744409188628204,36.932279109954834,763,-0.020656783133745204,80.78629350662231,1954,0.015264909714460366,9.081842184066772,1,0.05054773949086666,17.906049489974976,246,0.027736645191907883,62.69100213050842,1475,0.046557111665606485,58.6869912147522,1365
32,-0.01888061472863862,80.02480888366699,1948,-0.004723595850395434,54.361555337905884,1241,0.02994309410904393,34.02750015258789,679,0.011136210325992471,21.342455625534058,338,-0.04231675827141965,62.689069747924805,1467,-0.022703667481740325,38.56889081001282,806,0.016622351877617108,59.15718102455139,1389,0.049100272583239006,30.125500917434692,586,0.027098337809244793,59.02228379249573,1377,0.04771322553808038,43.1659779548645,928
33,-0.018733257756513706,12.731700420379639,102,-0.006023145773831537,74.86304783821106,1799,0.029810866888831642,17.21454644203186,229,0.012322509990018958,67.49298310279846,1614,-0.033580727436963255,54.87973475456238,1266,-0.019381893031737395,54.107197761535645,1228,0.010556024663588577,34.76412081718445,717,0.04966636440333198,50.58618927001953,1130,0.025756134706385,56.220898151397705,1297,0.044002376935061274,55.456475257873535,1263
34,-0.020523786544799805,67.21011400222778,1592,-0.008021642480577741,30.02364468574524,579,0.0220386232648577,77.41487979888916,1873,0.007050136157444546,28.265848875045776,527,-0.03530649968555996,29.5237078666687,548,-0.021597605092184897,37.4640896320343,777,0.008436114447457448,22.78528618812561,377,0.0502997738974435,73.65760087966919,1760,0.02571113109588623,67.13815951347351,1594,0.046837508678436265,24.083611249923706,405
35,-0.021418601274490353,44.7337064743042,978,-0.008263054821226332,69.72539210319519,1662,0.020156366957558524,71.72032642364502,1707,0.008764280213250056,77.31187915802002,1871,-0.03440258238050673,33.3785183429718,666,-0.018968150019645705,45.85702872276306,1010,0.009669452905654905,67.80538988113403,1614,0.04768305685785081,23.060689210891724,371,0.024703938100073073,50.26748967170715,1120,0.04211313691404129,49.90781807899475,1121
36,-0.02229629819457595,28.529622316360474,533,-0.0045600404610504994,29.35762596130371,552,0.018813585912859115,73.7805666923523,1773,0.00684831915674983,13.327510595321655,119,-0.030101247735925627,11.860399961471558,77,-0.022460074038118942,82.07320308685303,1990,0.010864802308984704,13.404345273971558,121,0.04565229609205916,60.39267444610596,1408,0.016826695687062035,76.37332224845886,1840,0.03689669273995063,27.84892725944519,500
37,-0.0203610454735003,25.122748136520386,424,0.0044156767820057105,35.347864866256714,718,0.01765191084460208,46.43208074569702,1022,0.014454858867745654,69.77888369560242,1684,-0.027191262496145154,65.54451155662537,1546,-0.022957754762549163,27.397754669189453,505,0.009258759649176346,27.870861053466797,516,0.04499188379237526,42.767414808273315,915,0.01932139773117869,64.87244081497192,1523,0.03736624592228938,20.365183115005493,308
38,-0.016467870810093023,68.49840593338013,1634,0.002591562576783008,55.76441502571106,1268,0.018922423705076557,66.49573588371277,1561,0.014637496226873156,72.41138172149658,1754,-0.023201606212518155,81.13991737365723,1971,-0.019135880164611048,52.99968886375427,1233,0.004251978336236415,10.877621173858643,54,0.04395139064544286,12.92595100402832,110,0.022270546509669382,27.517422676086426,506,0.030203467760330577,32.85629415512085,643
39,-0.01619283854961395,52.77482008934021,1197,-0.0009761884808540352,36.788678884506226,760,0.014404162764549252,50.78200650215149,1137,0.00626085251569748,56.66512966156006,1304,-0.024636128544807435,80.13077473640442,1981,-0.018331389129161848,21.42227602005005,347,0.005828098952770232,79.09804582595825,1900,0.04189568161964416,24.221343517303467,417,0.023405905067920688,45.51801085472107,1005,0.025543424487113938,30.471858501434326,591
40,-0.017849471510910403,9.498168706893921,13,-0.007461148064310958,54.40090012550354,1234,0.014210983020503344,60.55269503593445,1419,0.010884059638511846,44.59425067901611,974,-0.02465693688974148,24.631145238876343,429,-0.01955141381519598,62.292819023132324,1459,0.003508274148150187,72.16747617721558,1725,0.04090061420347632,13.571019887924194,129,0.023748096896380914,38.339046001434326,807,0.027297613097400183,20.85911750793457,325
41,-0.020705041431245345,16.321354389190674,202,-0.006943132196153914,58.257628440856934,1352,0.016084621349970497,27.495112657546997,507,0.011998430604026432,72.9438750743866,1758,-0.022899597883224487,81.75331044197083,1988,-0.017011770180293505,38.520543813705444,808,0.0005008890515282032,34.12279510498047,687,0.040798834392002645,28.55652689933777,539,0.024269648960658485,31.545734643936157,620,0.026992904288428154,38.328354358673096,806
42,-0.02037221331929051,55.946712255477905,1293,-0.005988463412883669,78.92306470870972,1907,0.02013217432554378,60.79618048667908,1412,0.011653528657070426,37.96996283531189,798,-0.024328500725502192,37.96085238456726,792,-0.01509286636529968,42.16394901275635,903,-0.001142801240433095,43.45904183387756,948,0.03776597422222758,29.45976448059082,541,0.023271173931831538,20.951135635375977,327,0.021383716616519645,25.152398586273193,445
43,-0.0212934369390661,76.1238522529602,1841,-0.005892624909227544,28.547576904296875,537,0.020256973125717854,10.325242042541504,38,0.011080458760261536,16.330831289291382,201,-0.02149414203383706,31.534435749053955,617,-0.014261847192590897,30.43192434310913,588,0.0005459622903303657,9.995298385620117,27,0.039142715660008515,58.10938572883606,1337,0.02282250062985854,9.156009674072266,5,0.020122916861013918,17.849839448928833,243
44,-0.019252717494964593,41.24045920372009,876,-0.006737432214948866,56.612364768981934,1324,0.015516837437947587,68.10162878036499,1615,0.010838062233395045,67.83179426193237,1637,-0.0209885040918986,12.229549169540405,90,-0.015004250738355858,59.176201820373535,1375,-0.0008295218149820973,13.60265064239502,128,0.03890481127632989,66.30190801620483,1545,0.022152882152133516,28.293450832366943,532,0.021180050902896444,63.40222692489624,1494
45,-0.017236801593200013,22.550525188446045,377,-0.00685840456382088,13.329494953155518,115,0.020017051178476082,69.38236355781555,1660,0.011774745972260183,78.4426908493042,1902,-0.016103096630262295,43.37873196601868,944,-0.012417607981225728,38.99580454826355,820,-0.001367228186648826,78.93904304504395,1917,0.03777223695879397,65.05233669281006,1536,0.022146893584209938,27.13169503211975,497,0.020716247351273233,79.53146553039551,1944
46,-0.017004035888834198,52.33173084259033,1178,-0.00616283746475869,22.15385150909424,359,0.02809286244372104,78.55397915840149,1907,0.014183914407770682,49.080060958862305,1094,-0.01365824455910541,32.066251277923584,632,-0.013847229328561346,19.504474639892578,290,0.0016818363615807054,17.17315411567688,226,0.031692271536969116,26.318155527114868,477,0.021931234826432895,13.32776951789856,121,0.020155909213613942,35.060702323913574,715
47,-0.018495141218105946,44.23077893257141,969,-0.00625880683461825,26.182982444763184,467,0.02832608421643575,56.879560708999634,1311,0.01357814421256383,10.516148328781128,43,-0.013069383800029758,66.46539998054504,1581,-0.013068025310834258,57.32776594161987,1303,0.0012694112956523882,21.730798959732056,348,0.02712066968282063,27.806371688842773,516,0.021161131560802456,15.01711916923523,162,0.018450873593489313,40.55227780342102,860
48,-0.020101054590575543,64.20089983940125,1516,-0.005919629213761309,80.73250937461853,1957,0.027204402855464386,57.225045680999756,1321,0.01360520538018674,26.675464868545532,487,-0.00914066908310871,21.65580105781555,349,-0.01327662808554514,14.67785096168518,150,0.0010634210644936061,25.71992516517639,459,0.020848342350551052,36.3737108707428,751,0.02160217445723864,58.579532623291016,1363,0.020251719319090533,12.292595148086548,91
49,-0.0221075689792633,66.49502897262573,1570,-0.005878895521163939,33.4280800819397,674,0.02508809447288513,28.978275060653687,548,0.013323128223419186,11.310876369476318,65,-0.008428649902343752,58.71985578536987,1366,-0.012689282894134532,15.19903564453125,178,0.000267400741577147,29.75102949142456,562,0.020506047010421746,80.71047329902649,1962,0.021842240095138545,24.49111771583557,428,0.020673331022262556,77.25029945373535,1857
50,-0.01724017367643468,66.54610586166382,1572,-0.005131573069329353,62.942713499069214,1466,0.024290670366848212,57.48831009864807,1325,0.017212867736816403,46.91905403137207,1043,-0.009265315298940622,17.558863878250122,241,-0.01166824032278623,30.6159930229187,597,-0.0022338757327958663,43.37083077430725,958,0.02294133924970439,78.54261136054993,1926,0.015865766534618297,35.486886978149414,717,-0.00925982349059163,32.23419785499573,635
51,-0.0149716345163492,35.15381407737732,716,-0.007698587500132045,55.48534893989563,1273,0.022864945805989773,21.70937943458557,348,0.017832930271442116,73.34775304794312,1764,-0.00847110954614786,25.47403120994568,453,-0.011130961088033834,73.88049387931824,1772,-0.011369273066520691,31.79841184616089,623,0.017186475487855755,63.75650715827942,1496,0.014072630267876838,39.29924011230469,829,-0.008919956592413115,24.22371196746826,411
52,-0.01998275405955764,40.61349391937256,868,-0.006383190739829583,73.9866247177124,1778,0.026757197560004463,38.402742862701416,800,0.016259313754315642,56.68071699142456,1284,-0.007233910965469648,77.47046756744385,1876,-0.014172470794533792,39.73366022109985,838,-0.012166320153002468,62.90814256668091,1466,0.0164355197042789,21.139166116714478,331,0.01313118102415552,31.57806134223938,619,-0.009560403958806472,29.776549816131592,571
53,-0.017112789330659083,57.370126247406006,1336,-0.004599214703948408,10.985273838043213,55,0.02546841899553934,22.79682421684265,377,0.016306573594057995,12.838990211486816,106,-0.00672268757113704,9.831867694854736,24,-0.015720415998388228,37.95453095436096,801,-0.012605362468295626,33.625290632247925,665,0.0169838026717857,51.83761429786682,1192,0.014316076481783825,76.97946333885193,1882,-0.0063405776465380835,69.75375318527222,1677
54,-0.02101513255726207,72.95924377441406,1735,-0.0011303186416625967,45.759183168411255,1008,0.02497789317911321,68.48561525344849,1639,0.01613892858678644,43.35594034194946,927,-0.008865908059206876,40.439993381500244,835,-0.013971309228376916,56.87233567237854,1318,-0.013466916301033714,59.50389862060547,1392,0.019575536251068105,35.38286995887756,710,0.01754954294724897,30.480083227157593,589,-0.004458445852453078,68.15440893173218,1608
55,-0.020389140716620846,54.649718284606934,1253,-0.0033735941563333774,41.62643098831177,894,0.023922292249543325,60.47244620323181,1410,0.017639011144638055,27.53568434715271,497,-0.009192403938089098,23.164827346801758,391,-0.013737288968903683,18.775174856185913,273,-0.014047427901199887,27.08172869682312,493,0.020294655646596625,24.275320053100586,412,0.017483572874750403,71.47486019134521,1716,-0.002087251416274498,50.06843972206116,1128
56,-0.020291801084551885,24.410421133041382,427,-0.002761411039452802,47.115753173828125,1037,0.02138180900038334,33.105817794799805,661,0.016226929530762782,34.46224594116211,701,-0.00842762829964621,28.79490876197815,539,-0.012771478870458776,9.615160703659058,18,-0.014826683621657523,36.51072716712952,762,0.019694019827926356,75.75752305984497,1850,0.01570808155494823,24.739575624465942,432,-0.0047607139537209145,32.36402177810669,644
57,-0.02069989771678529,68.62843537330627,1648,-0.0033764397275858893,78.41328310966492,1900,0.021554167928366823,54.7329785823822,1254,0.014351792376616898,34.41155743598938,693,-0.007003605365753174,47.17754650115967,1037,-0.012593395751098111,74.21002793312073,1785,-0.016575526574562335,39.67497229576111,841,0.01749449454504867,45.96740794181824,1011,0.01458428954255991,31.17796802520752,612,-0.005601463646724324,70.30671429634094,1674
58,-0.02090636552390405,23.3399019241333,389,0.0021358698101367,16.500662326812744,207,0.047308668241662494,47.97114014625549,1067,0.015481707403215306,78.13831543922424,1888,-0.007416733240677139,25.29338550567627,448,-0.013757909758616306,73.32628798484802,1769,-0.013435989113177282,75.24665379524231,1812,0.016000367827334636,25.404771089553833,448,0.013607340343927923,37.01463484764099,758,-0.011504090438454856,77.97228169441223,1881
59,-0.023253241181373584,62.49041295051575,1458,0.0024521013100941994,33.794870376586914,680,0.053181760509808856,45.73249053955078,1005,0.01265311439832051,42.86514115333557,932,-0.004362408320109049,80.83569312095642,1971,-0.010714237888654075,32.19505333900452,636,-0.014733294645945229,50.966272830963135,1148,0.016062057018280018,56.40078330039978,1300,0.013102598985036204,62.504260540008545,1462,-0.011490990718205786,15.479754209518433,179
60,-0.02218538815857933,19.67288613319397,293,0.0011481574324310822,20.859959840774536,325,0.055248857521619954,47.01571536064148,1042,0.012294196691669396,63.471006631851196,1494,-0.004355382723886458,66.51929354667664,1558,-0.010004623014418807,60.57813811302185,1404,-0.00921760230767922,55.77236890792847,1277,0.015193691019152019,48.770678997039795,1071,0.013008239816446764,75.49390983581543,1822,-0.010108973159164694,41.783771276474,913
61,-0.019123047590255727,30.6829571723938,590,0.0020402592997397166,55.52470254898071,1268,0.05722877190959069,54.76383972167969,1256,0.012511290850177883,27.269878387451172,501,-0.008945679472338769,54.04752254486084,1217,-0.0072435063700522166,50.25794529914856,1137,-0.0060445099107680755,62.076688289642334,1451,0.016245009437684078,80.07067394256592,1952,0.013351994176064759,22.40360379219055,372,-0.011183667567468475,48.50284290313721,1125
62,-0.02074415437758914,27.481635332107544,526,0.0017556179137457,15.598138093948364,190,0.05474360783894856,37.2922101020813,782,0.01222077153977893,79.42055177688599,1927,-0.01020902016806224,78.4665756225586,1919,-0.007707673405844069,17.572261810302734,237,-0.0060596210615975485,35.012385845184326,721,0.018029492998880042,53.34693956375122,1226,0.013335069020589183,9.615485429763794,16,-0.010294670150393547,13.115108728408813,116
63,-0.020732304081320756,32.87708592414856,664,0.0015427339822053924,12.392959117889404,97,0.05636324360966682,73.73805141448975,1786,0.012048739939928048,66.73461484909058,1586,-0.00947506446391344,31.892938375473022,635,-0.008179521188139917,80.01371359825134,1984,-0.009722567163407799,24.265869617462158,425,0.009967436082661141,21.63197159767151,355,0.009559407830238332,61.64347767829895,1463,-0.011166241951286808,46.65048122406006,1027
64,-0.01911635490564199,38.65810179710388,808,0.009488111275892993,57.37264347076416,1336,0.05454381429232084,72.87271356582642,1754,0.013728227065159719,46.090641260147095,1019,-0.008142616198613095,39.598227977752686,838,-0.00839278056071355,74.55742025375366,1800,-0.008865762673891504,10.226762294769287,31,0.01067881492468026,66.93200874328613,1581,0.007929299427912775,39.736194133758545,852,-0.010219337390019359,57.4841365814209,1330
65,-0.018924892851800625,63.289077281951904,1496,0.008080696517770942,37.7795832157135,787,0.054311682780583695,51.96996188163757,1173,0.013414360357053347,43.73539924621582,961,-0.006320033109549321,43.066173791885376,935,-0.007819203716335876,18.753917694091797,252,-0.007797917633345631,60.620368242263794,1411,0.01211945125550934,57.98573565483093,1329,0.008148158138448533,66.34303760528564,1573,-0.00939550815206587,74.94553780555725,1813
66,-0.019020981753050385,20.643033504486084,318,0.003396539545770902,67.18994498252869,1594,0.05316317615224354,30.87141180038452,600,0.012856149851386223,20.08826446533203,305,-0.008557187087500273,53.35351610183716,1205,-0.010187660580250757,18.31688141822815,259,-0.00781543397191745,36.352946043014526,761,0.012064339509650832,27.819965362548828,507,0.00842438704931913,38.94871640205383,821,-0.009390021438029288,39.50072932243347,835
67,-0.019220616011058577,53.331130504608154,1190,0.004673779010772706,11.015440940856934,57,0.053044055314625006,32.5254020690918,646,0.012524474193068109,11.070710182189941,58,-0.008663520216941833,16.190128326416016,199,-0.011184930801391605,53.57732319831848,1223,-0.004169705159523906,39.96815800666809,845,0.012092873454093923,20.133115530014038,307,0.007589896812158463,74.7410295009613,1784,-0.009004710351719588,26.99382972717285,492
68,-0.020107798818228897,68.1030285358429,1620,0.004771748314733091,51.51729202270508,1160,0.05222919540128845,19.02296495437622,274,0.013252568417701166,49.20515322685242,1103,-0.007708852705748186,44.39525747299194,969,-0.009699411150337997,39.618858098983765,846,-0.006261904170547705,41.91380596160889,922,0.013511204201242188,27.764808654785156,515,0.008568762005239285,57.48867440223694,1337,-0.0069897909095322005,54.57896661758423,1250
69,-0.019414571353367396,69.32358264923096,1653,0.003459218570164273,26.665680170059204,483,0.05212599805423191,32.46643805503845,643,0.013316833121435981,17.934087991714478,240,-0.0066931460584913,75.00125885009766,1809,-0.009734876666750231,44.2831494808197,976,-0.004773948873792375,23.173083066940308,390,0.013061190502984175,21.907357931137085,356,0.00979749986103602,22.235816955566406,364,-0.005669495037623827,69.29112339019775,1650
70,-0.019435189139675086,27.623611450195312,510,0.003954141912326009,11.949660301208496,83,0.05133089129353912,71.60553622245789,1721,0.015262955511120002,24.340806484222412,424,-0.007916126452701195,33.06466507911682,660,-0.008594510420947013,45.98658537864685,1016,-0.0040249807733885,43.715949058532715,931,0.009724624559912876,76.54296779632568,1856,0.008857798408454565,52.7887442111969,1190,-0.004290328059397965,81.32568645477295,1971
71,-0.017844999829928078,35.979432344436646,734,0.0003248825669288657,55.558080434799194,1268,0.05048297180069817,79.49748873710632,1922,0.012279440131452348,70.39184236526489,1683,-0.004722645713223355,44.64551568031311,961,-0.00872104614973069,49.82391405105591,1103,-0.004225365817546845,64.09779381752014,1482,0.005670713881651554,57.08159136772156,1325,0.010419000354078074,42.601954221725464,916,-0.0032758265733719,60.0881507396698,1410
72,-0.01716410705488022,51.87828207015991,1171,0.003753850721333127,44.66122889518738,973,0.03336890674617192,31.583464860916138,619,0.01657926464734012,59.80625891685486,1415,-0.003884641275013966,23.617920875549316,410,-0.008420500853290302,13.471212148666382,131,-0.0013823623526586257,67.94138622283936,1603,0.0067409244302200876,39.43178582191467,804,0.011667881926445104,40.42131733894348,859,-0.0021454528586505334,26.47032070159912,479
73,-0.0183226997787888,58.363901138305664,1351,0.003699271260081113,40.024908781051636,859,0.03427979591730478,42.89449501037598,930,0.01690064169265128,36.0654981136322,747,-0.0037907313656162602,17.65413737297058,239,-0.008238275308866765,53.578492641448975,1208,-0.0017568904000359624,80.87782835960388,1970,0.005384256710877283,43.718019247055054,949,0.011915799733754744,50.37567377090454,1165,-0.0004304027235185902,26.069098949432373,468
74,-0.017828730742136638,60.11121129989624,1397,0.0036124332745869976,47.61210370063782,1079,0.03390864769617716,75.98972845077515,1852,0.018532084623972572,67.43887066841125,1607,-0.005802011489868168,23.253596544265747,398,-0.0075949573516845776,20.163726568222046,308,-0.0003112276395161957,80.823899269104,1973,0.006313204765319817,62.24803328514099,1461,0.008920222918192538,16.531896829605103,205,0.0003821984926859415,52.989227533340454,1195
75,-0.017241531296780233,48.13110566139221,1072,0.005190647746387283,53.13454794883728,1203,0.029356753355578365,31.751665115356445,617,0.023048153833339087,52.48210287094116,1187,-0.006162383838703761,79.77286005020142,1958,-0.005919324724297782,25.03216552734375,453,-0.00027649183022348606,52.09920358657837,1158,0.007265559936824591,22.63649868965149,366,0.009033192145197008,46.51674723625183,1026,-0.0011699819251110802,67.78859758377075,1613
76,-0.02026377947299511,59.57854890823364,1389,0.004636520689184018,73.93839025497437,1765,0.028716269251588093,21.551955699920654,348,0.027300700738832544,27.238628387451172,504,-0.007835432306512614,46.71572303771973,1033,-0.002000314074677313,35.44983720779419,739,-0.0015592079658012896,77.80106282234192,1877,0.0069962143898010185,66.47498607635498,1573,0.007672893536555295,51.07938480377197,1172,-0.002807322260621318,77.76961636543274,1889
77,-0.019113205182246674,16.987876415252686,221,0.0016137040578402032,33.3187096118927,665,0.02579851792408869,44.35653877258301,966,0.027402883920914084,70.09703588485718,1685,-0.007993284708414327,44.81910300254822,984,-0.003857348973934474,52.75312900543213,1189,-0.0013714707814730142,76.53032612800598,1851,0.006290564170250519,23.216376543045044,397,0.008395835375174491,42.59978437423706,936,-0.0025834127878531553,15.533167362213135,177
78,-0.01843353690980356,55.545665979385376,1270,0.002124042450627197,79.99500322341919,1944,0.024574573281445074,76.3634283542633,1848,0.027006927924820137,11.90184998512268,81,-0.007457759561417984,78.25666499137878,1906,-0.005190754993052429,34.027437686920166,683,-0.0012944725495350523,17.733981132507324,241,0.0071258650550359345,71.29195046424866,1744,0.006745520271832423,30.085136651992798,584,-0.002390697032590468,14.342420101165771,148
79,-0.01842382773756981,30.217398643493652,582,0.00041328296065330783,59.49157786369324,1422,0.024401851743459695,26.799614906311035,489,0.026323840767145158,17.617138624191284,238,-0.009262034296989448,40.15923237800598,865,-0.00570232197642327,37.31616401672363,774,-0.001432871073484422,32.92128109931946,657,0.006996418535709374,27.37021017074585,495,0.008217027783393855,59.99141836166382,1388,-0.00142612084746362,75.09042406082153,1818
80,-0.017301805961279223,13.331866025924683,118,-0.002327974195833557,17.645391702651978,237,0.03774456109529659,24.48629093170166,424,0.024583567807703842,50.45951223373413,1137,-0.009145279725392665,49.61151051521301,1115,-0.00463164220621557,49.59841537475586,1111,-0.0013645776995906136,9.677561044692993,20,0.007002960752557818,28.402225494384766,525,0.009471111091566668,78.57928800582886,1900,-0.0017712579833136784,40.56202697753906,862
81,-0.02032302719790761,33.71518898010254,677,-0.0011498455594225604,19.465556859970093,287,0.036922872066497796,39.65929126739502,839,0.018709035181417696,62.6208119392395,1449,-0.009649863330329344,74.64125657081604,1788,-0.005457252264022832,9.70683479309082,21,-0.0014588665671464885,48.13998579978943,1075,0.006904227704536617,52.90218925476074,1202,0.009670670439557326,61.39222526550293,1420,-0.0016801088321499824,20.570330381393433,318
82,-0.020352134503513933,28.53279685974121,521,0.0009834299604576779,53.430941581726074,1218,0.03643759331071233,55.559528827667236,1263,0.018844712211425044,36.34390687942505,746,-0.007481167115360864,57.509920835494995,1322,-0.00533936612577324,16.360759496688843,201,-0.00026962340596210646,46.96344184875488,1036,0.006262086960206542,27.451225519180298,505,0.0062940465398581575,31.104198694229126,606,-0.003150012119706866,61.20036005973816,1425
83,-0.01889686073575701,48.74766445159912,1077,0.001656867208934968,46.17994141578674,1018,0.03543014895348322,77.87311172485352,1889,0.017358649344671337,45.33230781555176,983,-0.007203968507902969,52.80390787124634,1199,-0.007089285623459595,36.30717492103577,747,0.014439737512951805,81.2494547367096,1976,0.005893287914139877,79.81635808944702,1908,0.007417251666386917,16.791040182113647,202,-0.00398236442179908,64.05143976211548,1483
84,-0.016343433716717887,67.08337354660034,1579,0.0015133016249712801,63.75388145446777,1520,0.03407900613896987,80.28736305236816,1953,0.016595116783590876,61.46036911010742,1430,-0.006954489735996028,64.8306257724762,1525,-0.007214924868415389,20.570415496826172,306,0.014422711204080021,73.96549820899963,1790,0.008366433311911184,48.3931245803833,1080,0.009370902706595022,67.58016037940979,1608,-0.002229777504416084,45.17167115211487,997
85,-0.01500903381857761,34.053375482559204,682,8.045587428780741e-05,50.56484937667847,1143,0.03602644108062567,46.61287188529968,1038,0.01779882436574891,53.072232246398926,1227,-0.0049759038659029295,36.18765473365784,732,-0.0070378218972405775,52.06507587432861,1186,0.01381496218747871,72.82020831108093,1771,0.006994864968366395,57.8825798034668,1345,0.01022489472877147,25.890649795532227,459,-0.001487360444179812,17.397714853286743,231
86,-0.016388453286269613,29.660423517227173,564,-0.017175416151682533,65.20332217216492,1535,0.017916811608720103,51.3407883644104,1152,0.017388609634048632,55.285985469818115,1270,-0.005200658721485363,16.063718795776367,183,-0.005954725988980003,68.8113203048706,1645,0.013597328772490052,27.032485485076904,496,0.008412270025275214,68.76259303092957,1625,0.008977353572845454,44.374324560165405,969,-0.007709731315744346,54.77356839179993,1244
87,-0.01650941575115377,35.582170248031616,727,-0.016308631409298287,61.71601223945618,1423,0.017744371836835693,48.57289361953735,1085,0.01988596672361547,14.264097452163696,145,-0.004897013306617743,10.78547978401184,48,-0.004737748341126882,28.61229944229126,537,0.014025453139435162,18.96394634246826,273,0.008694763210686764,56.097222089767456,1288,0.00887282937765121,37.956897020339966,795,-0.0076939971609549206,50.85576343536377,1132
88,-0.018026234058851603,46.6837739944458,1036,-0.016989531811703453,38.148295640945435,793,0.015987369451629988,76.21674513816833,1840,0.020429769928535714,24.407159090042114,422,-0.0048516848114099455,25.53407859802246,453,-0.0045202702618716865,21.146294593811035,333,0.01332945368263159,62.52307486534119,1454,0.007566941588112471,36.81658172607422,769,0.01011210880922467,70.69280004501343,1689,-0.0073495949252268015,81.87751245498657,1996
89,-0.016946731673346625,15.285556554794312,173,-0.017155678404702078,51.85206198692322,1179,0.021411098374260803,36.49178981781006,750,0.01968774596850077,29.009777307510376,554,-0.004552884234322448,33.239832639694214,669,-0.0041139602661132875,33.73493671417236,674,0.02291609976026747,49.24761915206909,1099,0.005649122264650127,67.83499336242676,1590,0.011508817142910422,15.534694194793701,177,-0.006912926832834891,51.17233610153198,1164
90,-0.012436507167396966,61.0564649105072,1431,-0.021934646171527905,79.79898166656494,1936,0.02133011555933691,10.619438886642456,46,0.020431738633375898,46.60877847671509,1022,-0.004218182720980807,56.40280556678772,1297,-0.003461716594276854,36.32304883003235,747,0.024229351635817645,34.21161437034607,674,0.005705465982248489,78.55947756767273,1921,0.01126962834662133,73.79485654830933,1771,-0.006696694499843735,48.06178331375122,1078
91,-0.00906103525472724,74.34714031219482,1821,-0.002889871597290039,61.69527554512024,1451,0.020474164382271152,25.040104866027832,431,0.022568649571874863,33.70077586174011,675,-0.0033893935058427944,30.302685976028442,582,-0.009068332288576215,67.60121965408325,1609,0.02511441707611084,58.59792399406433,1359,0.006115401568620095,56.93651223182678,1306,0.009967485199803885,33.282151222229004,643,-0.009541525788929164,34.997437715530396,710
92,-0.009394428422374111,24.19286584854126,417,-0.004045669750500751,57.48925447463989,1323,0.01947265094326389,39.55228781700134,833,0.021031192553940634,38.95759344100952,818,-0.0019112511347698956,50.43859267234802,1153,-0.009826069877993683,57.15256404876709,1339,0.024205087333597164,15.441031455993652,174,0.008263050228036854,60.21076250076294,1401,0.01150145966519591,60.71485662460327,1403,-0.009712931289467772,17.106539249420166,223
93,-0.008868507248290044,36.025659799575806,740,-0.003503840020362367,33.777191400527954,670,0.01900817866021015,64.52650189399719,1507,0.020806440647612223,37.99084782600403,784,-0.0005553390117401821,47.749775409698486,1057,-0.010230812620609372,20.770816326141357,322,0.027794710499175052,79.28098154067993,1924,0.009283774076624115,27.004050254821777,488,0.011212809288755371,15.389801740646362,165,-0.00976867751872287,18.676453351974487,254
94,-0.006814666170822948,79.40345501899719,1905,-0.002944840255536531,70.09986758232117,1666,0.018351082425368467,37.299124002456665,777,0.020602762071709878,9.812509059906006,24,-0.002507304517846363,71.18434405326843,1706,-0.011677541230854242,40.2576048374176,858,0.027831209960736725,15.014182806015015,160,0.009514561452363662,34.84703040122986,704,0.011728602961490024,54.72259473800659,1253,-0.007412273005435352,37.21718430519104,774
95,-0.005765213941534362,55.867822885513306,1284,-0.0028168726712465286,48.486164569854736,1082,0.017994184667865443,9.55366063117981,14,0.019260990122954045,64.1389639377594,1491,-0.0014756036301453955,33.3796067237854,675,-0.01139707118272782,17.09895920753479,235,0.027733060220877327,60.53647327423096,1456,0.00973199307918548,11.53661036491394,71,0.003744372477134064,30.317083835601807,574,-0.006894767284393322,77.10838627815247,1857
96,-0.007486833739526495,71.8728277683258,1712,-0.005569197467921935,62.759685754776,1480,0.019171610320966277,53.28227400779724,1212,0.019668741324513222,12.233470916748047,89,-0.0018540792858477767,67.43854999542236,1591,-0.01114928476589243,36.32477569580078,756,0.02769501491920235,56.22830510139465,1292,0.012307579984369961,65.17484998703003,1539,0.003125988331037694,53.01379609107971,1204,-0.006760967760970924,24.89699125289917,436
97,-0.006446512986202631,76.98916983604431,1856,-0.004283933006987279,54.64277911186218,1261,0.019174133028302884,13.094415426254272,109,0.018560287295555575,42.354982137680054,916,-0.0033414449010576563,67.49854278564453,1618,-0.01095992326736451,14.630530595779419,156,0.027872767375440012,12.456645011901855,92,0.012187474844407058,31.741369485855103,619,0.002987649975990758,13.561710119247437,115,-0.005447210097799507,48.926857233047485,1080
98,-0.0064308143625355745,32.37769842147827,640,-0.004710010807923596,37.19332146644592,800,0.019287709635917596,35.820250511169434,736,0.01668644613689846,13.455612659454346,124,-0.0025510252124131367,36.47657322883606,737,-0.013643603132228668,73.29415559768677,1754,0.0268819308040118,54.59799337387085,1232,0.01231773874976418,45.25485157966614,1009,0.0032005093314430885,11.181188344955444,55,-0.0054164185668483045,39.041762590408325,808
99,-0.006121748685836793,61.35939073562622,1418,-0.006276270747184753,78.3124303817749,1893,0.021490296721458448,78.85260462760925,1902,0.016782313585281365,29.84206748008728,568,-0.0027660828828811683,60.1401629447937,1388,-0.012945602536201486,25.08181595802307,438,0.026979854106903078,76.6635115146637,1842,0.011709823012351987,41.78579092025757,892,0.000745471119880672,80.69218921661377,1967,-0.005739675760269177,9.210056781768799,7
100,-0.00552032489587765,17.101545572280884,220,-0.006430840138161536,48.10157632827759,1066,0.021350131766630885,10.565861940383911,37,0.012848966782635975,56.661574363708496,1303,-0.0028524924032758995,16.775848388671875,214,-0.011555665200299565,28.219775915145874,526,0.026326659292277725,68.11066174507141,1614,0.010168746556385905,44.38580369949341,959,0.0005553913588571033,80.71095275878906,1960,-0.006080499970086742,44.51518988609314,974
101,-0.004289051481321747,37.73146152496338,785,-0.005016233406814874,47.70420169830322,1062,0.02120317197313497,74.11333394050598,1781,0.013872208548527132,45.407312870025635,998,-0.002931166513293401,30.54338240623474,590,-0.01193502194741194,15.408793926239014,175,0.025781645494348866,61.36410450935364,1435,0.010577186649920892,62.82579708099365,1465,0.00014659061151391897,45.73002552986145,1004,-0.005164509310441871,55.98918342590332,1265
102,-0.0042229387366655964,70.05992817878723,1660,-0.004953777905806754,41.53827524185181,882,0.021186334994232784,41.15429162979126,874,0.013667724086242967,21.340216398239136,340,-0.0013085655795717743,35.3208544254303,720,-0.014019702244730838,60.07498049736023,1394,0.02554900264277042,68.60171294212341,1643,0.010320691807756143,72.82693767547607,1734,-0.0003845570156875208,65.51301670074463,1546,-0.0055680732125217595,57.55524230003357,1331
103,-0.004548984651382153,36.50628852844238,744,-0.0036746653226705697,49.02506113052368,1094,0.02089931643926182,30.40955638885498,587,0.013763660994859837,72.5459885597229,1739,0.0002750760087600081,22.90509605407715,382,-0.01411128961122954,43.10035705566406,925,0.025623590327226206,14.196097612380981,141,0.010671475185797762,34.87736487388611,722,0.000283067043011001,67.70077967643738,1612,-0.00646438220372568,14.412962913513184,142
104,-0.005275370393480574,25.50975799560547,449,-0.001790049530210949,64.8624017238617,1528,0.020604231244041822,58.00379681587219,1341,0.01398357607069469,33.376439332962036,662,0.0010499551182701434,45.03429388999939,992,-0.013811935697283074,13.446494340896606,124,0.02196147328331358,77.11504316329956,1870,0.00969434863045102,10.099211931228638,31,0.0005511317934308692,60.5641610622406,1424,-0.00577586889266969,75.65646457672119,1857
105,-0.005394630274682675,20.277788877487183,305,-0.0024452642449792825,70.05808281898499,1676,0.019548404329227966,62.45793533325195,1480,0.014557744534510482,31.892674922943115,634,0.0016168445911047555,51.38835883140564,1168,-0.014502374068746037,24.657105922698975,430,0.022220293868262825,75.3045003414154,1826,0.008944978691496939,81.56888747215271,1999,-0.00045089676695050343,58.340641498565674,1350,-0.005187444529443429,77.39303684234619,1876
106,-0.004994384039228208,20.293370246887207,306,-0.0010158971091297185,54.38643217086792,1253,0.01964135091995526,18.101633310317993,248,0.014474742323438693,9.267257452011108,5,0.000516858613379644,19.49301266670227,292,-0.014851431980311323,23.78135919570923,401,0.022116410955090402,9.832881450653076,22,0.008777947626381276,15.829792737960815,189,-0.0006377708132021936,61.61508131027222,1459,-0.004367218953426765,61.506136894226074,1441
107,-0.008164737511564183,71.25559425354004,1704,-0.0011130223671595254,36.02139449119568,740,0.01983641198387854,33.37552189826965,667,0.014311658563437281,52.45493173599243,1194,0.0006826486852433908,74.76629447937012,1808,-0.015047634089434598,49.693063735961914,1106,0.021669491021721464,59.03987765312195,1381,0.009411155625625892,45.70931911468506,1002,-0.0008559193876054592,23.30745553970337,387,-0.004600679984799149,56.82458567619324,1323
108,-0.008193264313794057,57.93743419647217,1315,-0.0009577843027377347,17.681879997253418,228,0.021819922355336897,69.2221531867981,1640,0.015612610436360768,42.676008224487305,921,0.0017494876450354863,33.02107620239258,652,-0.013245693587381915,73.82931184768677,1780,0.022234334311354065,65.16664695739746,1543,0.009733298502930808,53.16442084312439,1235,0.0017901828529637846,77.73692035675049,1894,-0.0028719891101942267,73.49364924430847,1767
109,-0.01413870399648493,29.8005268573761,565,-0.001600028709931807,36.58850574493408,754,0.022921149297194066,38.297053813934326,796,0.01647868373177268,58.93138909339905,1371,0.002080985090949315,78.98185968399048,1903,-0.013599154624071998,76.97432112693787,1857,0.02274844429709696,35.89532828330994,724,0.009641890092329547,9.680845975875854,4,0.0011851088567213538,68.69854664802551,1629,-0.0026698302138935554,77.1671130657196,1848
110,-0.010108281900216867,29.949153900146484,560,-0.0015247104404208895,63.91313409805298,1500,0.022827053392255648,31.42505931854248,613,0.016788472463418767,66.00899267196655,1560,0.0025650934056118766,58.84779691696167,1361,-0.013281065601486352,30.044856071472168,574,0.022390735041987804,9.590202331542969,17,0.009277559615470268,19.58107590675354,287,0.0023211219289281304,77.31691813468933,1872,-0.0021846267554137197,67.45023465156555,1607
111,-0.009671323533569063,68.73890542984009,1649,-0.0003536316965307509,81.13081502914429,1971,0.02237432237182347,65.32738494873047,1526,0.016571504196950367,46.019546031951904,1023,0.00034788676670619067,67.8905770778656,1613,-0.012949476816824512,23.463645219802856,400,0.021953264517443536,74.12172055244446,1810,0.009438366762229375,61.163772106170654,1435,0.002084843282188684,43.555750370025635,944,-0.0031197800167969405,44.14164853096008,961
112,-0.008766002359643445,65.23717617988586,1548,-0.0009808440124039102,68.38325428962708,1644,0.022467951858993147,15.648528575897217,184,0.016208397076193207,10.552936553955078,44,0.0004876335110284551,30.72575831413269,602,-0.013287342227665732,77.45317220687866,1875,0.02201273641755097,76.05550694465637,1822,0.008964457870584674,27.341819047927856,503,0.0021100176119171377,9.166497230529785,6,-0.0031734488706673253,24.0263192653656,405
113,-0.008796300281558119,32.16662335395813,639,-0.0009458729049615693,30.16523265838623,574,0.02173124489031342,38.75526428222656,810,0.014891825224223885,31.031575441360474,608,0.0007882447619187169,37.54841184616089,797,-0.013677342419038747,11.149580001831055,56,0.02029601471465932,36.12948513031006,744,0.009442331498129326,81.16708540916443,1965,0.0030869590608697153,54.5987503528595,1247,-0.002838392529571277,10.808392524719238,51
114,-0.008587874536928922,60.81845426559448,1423,-0.0019358754158020019,15.444885015487671,177,0.020788635896599832,32.82396697998047,636,0.014253812250883678,18.86069083213806,267,0.0001507349636243702,80.60578989982605,1956,-0.013281246371891197,12.26828384399414,82,0.019119786697885277,55.12012004852295,1264,0.011094013504360033,44.995800256729126,1011,0.0038204908370971643,53.69263195991516,1241,-0.0031760236491327814,35.499449014663696,742
115,-0.009724088270088721,40.953869104385376,867,-0.0020968456720483713,45.25918960571289,994,0.019847258411604802,35.773024559020996,737,0.013168895039065126,27.686963319778442,515,0.000539421521384137,63.91731262207031,1507,-0.013540701619510003,14.402956485748291,149,0.017932371846560786,60.85667562484741,1417,0.01083413331673063,71.9106674194336,1748,0.0024998172603804456,38.90130400657654,833,-0.0022605410937605345,40.443480253219604,866
116,-0.01224475182019747,47.39547538757324,1064,-0.0020100418319050064,52.37107014656067,1204,0.018718372552822816,73.12287306785583,1772,0.013583541935325683,70.892422914505,1707,-0.0005921522776285842,15.66986346244812,185,-0.014031059721596231,30.66405439376831,592,0.01706009491896019,80.94371700286865,1952,0.011680238267295381,24.784579277038574,435,0.0026213017284360675,14.681052207946777,154,-0.0034296364865751463,35.968252420425415,737
117,-0.011960144265223356,73.10837841033936,1739,-0.002217682741456113,54.707170486450195,1251,0.019723846750744338,51.403751850128174,1163,0.015472145403845831,33.60709619522095,673,0.002380420595912607,77.79371047019958,1882,-0.013988454968242333,46.075843811035156,1023,0.01763080338300286,44.33761644363403,968,0.013005625393431065,33.168179750442505,660,0.0028217662188966364,12.020526885986328,83,-0.004030906042810225,43.83670139312744,954
118,-0.012576681225239727,41.354631185531616,882,-0.002441468359041615,39.264302492141724,825,0.020530905543255228,54.48042702674866,1236,0.015317586790613765,27.30147886276245,484,0.0027040954397506045,11.242905378341675,62,-0.015474775258232577,68.10428547859192,1616,0.020779417843377904,47.620861530303955,1044,0.013491290457108443,31.193753242492676,604,0.0029445546013968297,71.73606777191162,1720,-0.0036156362846118174,11.655625581741333,74
119,-0.012460885445276895,76.56594729423523,1845,-0.0022658844788869224,59.67739200592041,1373,0.020041323701540652,75.16834354400635,1797,0.014118539293607074,24.600934982299805,419,0.001808638870716092,47.572359561920166,1037,-0.01528585751851401,27.797919511795044,519,0.02032310913006466,28.936640739440918,553,0.01390747129917145,29.239425897598267,561,0.002609657247861223,42.40035676956177,915,-0.002961813410123201,39.58004355430603,837
120,-0.014093330083799755,40.58104658126831,858,-0.0033601172699415983,66.16678380966187,1552,0.020252706590762833,19.07200789451599,277,0.014295335150947254,49.006959438323975,1094,0.00212111157819259,31.01680612564087,591,-0.014465816257413767,61.398438930511475,1448,0.02010629147537485,14.233701705932617,141,0.013906557697895146,45.172072410583496,996,0.0026240565560080756,39.02145171165466,812,-0.0019733418117870096,57.31819725036621,1310
121,-0.013946214660269313,9.240295648574829,5,-0.0033138164731322745,15.681801080703735,185,0.01983021175275086,39.129976987838745,825,0.014094164625543061,78.06645822525024,1881,0.002441137540535846,50.22137951850891,1123,-0.015527531748912386,58.45408010482788,1357,0.0192541289524954,35.73839068412781,731,0.01486298686168233,33.83607530593872,691,0.002497546496938483,28.299654722213745,529,-0.0012383612452960516,12.054051876068115,78
122,-0.014592303977749209,81.92707180976868,1992,-0.0035999082937473205,36.39248180389404,755,0.019810032069198506,68.76237416267395,1636,0.013700031168092555,28.590156316757202,539,0.00307882171336228,51.699015617370605,1184,-0.01499952824135138,33.44321298599243,669,0.018392378237189328,68.75549221038818,1643,0.013731876524483284,71.9122462272644,1706,0.0018539433556843542,18.78792142868042,253,-0.00122198389797677,40.99331450462341,874
123,-0.01332658481213354,10.471131324768066,41,-0.0038455282488176904,50.65075373649597,1132,0.021026210919503265,74.00057578086853,1786,0.012567854696704493,73.7762017250061,1788,0.00631783806508587,15.256069421768188,171,-0.014346431339940728,37.0573353767395,769,0.016969731738490455,73.38106799125671,1768,0.01514833636822239,11.755326271057129,76,0.0014943581434988169,57.80148363113403,1353,0.0002964100530070534,81.98526525497437,1983
124,-0.013528245449066159,60.07879424095154,1391,-0.003615073204040528,12.102518796920776,86,0.021091305732727075,33.60285258293152,675,0.012479321479797361,79.71287322044373,1926,0.005888159275054929,68.44909071922302,1622,-0.014807846069335948,46.79817295074463,1043,0.017432695865631113,59.344380140304565,1350,0.015535475254058838,69.93148636817932,1657,0.0010078225135803185,74.50959038734436,1798,-0.0006967277526855577,58.97449588775635,1392
125,-0.011568905815245611,53.57698321342468,1244,-0.004975240854989915,61.98611879348755,1468,0.019452483881087553,59.32384777069092,1412,0.012888202591547888,43.449742794036865,980,0.005208295962167162,75.32066559791565,1854,-0.015270003250667038,14.741854429244995,159,0.017615501369748807,30.273195266723633,583,0.01655617261689807,71.79564547538757,1709,0.0015346582919832223,33.7270884513855,675,-0.00038253031079732365,28.316440105438232,534
126,-0.011172687913489153,47.54333257675171,1059,-0.005376776372353863,71.89219951629639,1727,0.019346294440622427,30.839620113372803,583,0.012333760580678624,37.967618465423584,796,0.004126837873083397,43.92169380187988,981,-0.016626196114097064,67.886075258255,1642,0.01912760030566239,49.513123512268066,1132,0.016396243271865243,16.14386796951294,196,-0.0028677620287016654,42.51787781715393,918,0.0007956361207436284,59.39972138404846,1384
127,-0.009656755253672598,31.347848892211914,624,-0.010287815239280462,29.92433261871338,566,0.018813821487128755,10.399000406265259,39,0.012116380501538515,11.14697003364563,60,0.0045877899974584545,72.92742466926575,1755,-0.016902594827115546,47.54172420501709,1061,0.01891890959814192,75.53130269050598,1830,0.017573819495737553,24.197407007217407,420,-0.002220705617219213,81.24345350265503,1977,0.0005990304052829638,51.358898639678955,1150
128,-0.010996478934620699,36.07229471206665,741,-0.010716678098190663,68.43057036399841,1624,0.01779823894648591,55.30556917190552,1260,0.01176620176596235,67.61115050315857,1600,0.0054005144178405256,67.9406225681305,1615,-0.018516476764235398,39.62482213973999,838,0.01956869742667029,54.0132999420166,1218,0.018049045126567517,54.304898500442505,1236,-0.0026312770769577653,30.168036937713623,577,0.0006315010462620358,45.64963889122009,1003
129,-0.011027176105059109,17.775306701660156,233,-0.010390498087956355,40.905208349227905,869,0.017978076292918303,37.61040782928467,777,0.011522062466694759,71.40795159339905,1691,0.004976271666013274,47.303581953048706,1041,-0.018763195551358747,54.37938189506531,1222,0.019103830135785625,47.103320837020874,1020,0.017696284789305468,25.2354679107666,441,-0.0016561462328984222,72.76800537109375,1733,-0.00027122726807228526,67.453941822052,1610
130,-0.011836967395462151,61.612308979034424,1443,-0.011562836534194366,68.00380182266235,1619,0.01791240650278924,45.107494592666626,981,0.01188290574168431,46.690168142318726,1031,0.0035372198993013065,17.326180696487427,229,-0.019565845718820595,56.00866198539734,1274,0.018513513430384286,35.217193841934204,719,0.0174362882403017,13.903975248336792,136,-0.0020916038797101936,68.31946110725403,1629,8.557952997337667e-05,62.64632439613342,1465
131,-0.011884182691574095,49.45649576187134,1106,-0.010303555564446884,51.72985529899597,1169,0.017989302674929326,64.76129341125488,1523,0.011078761834086796,58.21071195602417,1337,0.0041664278868472895,57.849435567855835,1337,-0.018166563276088607,64.69711828231812,1520,0.01809076197219618,56.54543662071228,1306,0.017178152546738133,55.35140776634216,1272,-0.0024185681884939052,55.52596378326416,1274,-0.00013493633631504948,32.3832745552063,640
132,-0.012422339360516768,60.13852858543396,1403,-0.010360555989401683,42.19712996482849,907,0.01812353304454261,64.27616214752197,1512,0.010669067389982984,16.953552722930908,222,0.0069306188059928674,62.331725120544434,1459,-0.018720650583281557,61.3455069065094,1436,0.017640965325491774,47.96187877655029,1063,0.01689006332168005,15.029698133468628,159,-0.0032871773368433935,57.901930809020996,1356,-0.00014398017324004057,59.08964014053345,1354
133,-0.013948185675179779,65.43099737167358,1534,-0.01003789545884773,25.731658935546875,462,0.017768783800637566,26.97165060043335,494,0.01015260504252875,73.36074447631836,1745,0.005926060587612546,15.478294134140015,171,-0.018255517998738077,74.63413643836975,1782,0.017344223029577915,36.2793071269989,746,0.01713745006874426,30.068538665771484,578,-0.0050806714527642585,21.002652883529663,325,0.0021330763154954954,42.89339566230774,926
134,-0.01317684517966376,11.081684589385986,58,-0.010367287529839411,34.40956425666809,696,0.01764073062826088,23.902483463287354,404,0.01144707202911377,73.2803521156311,1761,0.0052762715904800936,74.33362317085266,1783,-0.018070544578410962,19.529454708099365,286,0.017644649964791762,36.154072284698486,738,0.018184171341083664,67.39939546585083,1596,-0.005305639902750655,26.694329738616943,480,0.0023559305402967566,29.88326358795166,575
135,-0.014267423135392802,48.11277198791504,1059,-0.010619576363002554,13.403009176254272,123,0.017433878253488,64.17738175392151,1509,0.011267962701180401,12.03849482536316,85,0.006190240821417636,48.3732647895813,1080,-0.01820150105392232,39.58788061141968,834,0.017388972289421982,14.643815994262695,156,0.017799818778739252,14.7479829788208,159,-0.004659168422222141,40.086655139923096,842,0.001990931875565463,44.72636818885803,995
136,-0.014647789680174664,69.40818953514099,1655,-0.010372096604674403,43.95993685722351,940,0.01844746309475309,54.48583769798279,1235,0.01145818285698438,61.41907525062561,1423,0.005811010399003964,67.84429335594177,1601,-0.017760339444571168,10.873948335647583,47,0.017046748286616197,65.78588438034058,1544,0.01849528951366452,75.03892350196838,1796,-0.004134068523880343,24.013247966766357,406,0.0013669598711668043,72.80841207504272,1738
137,-0.014482803534770354,50.63924050331116,1133,-0.010078983462375145,65.67202019691467,1552,0.018862115300220014,43.3367235660553,934,0.011853858612585757,27.26136589050293,498,0.007079354230908375,34.14196538925171,676,-0.01796887275101482,37.2394745349884,772,0.01864185713339543,67.75631475448608,1614,0.019052346979362374,56.16422200202942,1293,-0.003845344419064733,64.42914366722107,1507,0.002046343641004691,30.108126878738403,579
138,-0.014062224103392454,69.50586199760437,1624,-0.009765826969695609,14.643856048583984,147,0.01911807960743529,48.79266405105591,1090,0.01256367414117717,20.629504203796387,320,0.007614857858891105,55.776832818984985,1283,-0.023273455582076698,45.85451078414917,1014,0.01853773834036409,16.865597009658813,218,0.017900824546813965,40.746732234954834,873,-0.00411336284747227,67.71543765068054,1610,0.0012690038989773664,40.11495804786682,872
139,-0.013741122399057658,39.27943396568298,830,-0.010276890226772858,44.712239027023315,980,0.019670883246830553,31.222670555114746,611,0.01125706136226654,36.25971531867981,755,0.007624294502394535,77.45881938934326,1879,-0.02268962051187243,19.756550788879395,295,0.018080960427011766,55.26887607574463,1277,0.018756174189703805,21.079485654830933,335,-0.004287959848131457,50.86230158805847,1141,0.0015464037656783966,60.33625555038452,1387
140,-0.013366836182614587,38.032555103302,780,-0.010718448787716267,79.56981658935547,1924,0.019522016352795563,79.56089735031128,1932,0.009758115237486278,68.19471430778503,1604,0.007272416818226478,75.59212255477905,1806,-0.02003441212025095,16.62530541419983,209,0.01745826851391624,26.673020839691162,488,0.01675151045440782,42.76051664352417,914,-0.004064511745534049,20.371207237243652,311,0.003678457111331579,80.02080154418945,1922
141,-0.013424469551569975,15.12607717514038,166,-0.010304100076917197,36.886080741882324,766,0.02015565398713235,30.437198877334595,589,0.009980197943432231,53.547080993652344,1222,0.00897670127976108,78.29190278053284,1896,-0.020346702404425182,55.29044008255005,1273,0.017391649770065097,44.13270831108093,968,0.016987858943536247,54.30048894882202,1248,-0.003915162993149023,10.713250160217285,47,0.003428790351034881,25.29539155960083,448
142,-0.011983381284700403,27.866127490997314,526,-0.01004199923335256,67.92925024032593,1619,0.020567326695769005,52.81000232696533,1195,0.006778567820995838,32.8938627243042,646,0.00943248463677359,47.47508239746094,1046,-0.02051333780888911,45.01116991043091,987,0.015427815747427777,63.67580032348633,1499,0.01701963781476854,71.69246029853821,1723,-0.003265906047154144,24.88004422187805,441,0.001007678208651234,46.38358736038208,1028
143,-0.011961982895930605,77.73201823234558,1870,-0.010150310479932367,26.259936094284058,472,0.019710682746436885,47.09752631187439,1026,0.0062167632083098105,73.81930804252625,1777,0.009566452354192727,77.90693926811218,1887,-0.020096368259853788,13.349218368530273,114,0.01568573754694727,74.03715133666992,1771,0.01635448137919108,27.193369150161743,502,-0.0027311436004108895,25.05892562866211,439,-5.591370993191175e-05,22.284889221191406,370
144,-0.011855281221455538,48.478615045547485,1078,-0.010846350110810385,55.841269731521606,1281,0.019654483219672916,12.182385683059692,84,0.006521819788834145,48.498597621917725,1073,0.007575476991719207,28.248974084854126,525,-0.019939297643201105,32.7528657913208,639,0.015542696673294595,20.95137357711792,333,0.015363938232948036,21.09167242050171,330,-0.0035946907668278176,61.54930067062378,1452,0.0019862429849032614,46.98482823371887,1055
145,-0.01125516058647469,27.437585830688477,507,-0.010495831705119517,50.1042742729187,1135,0.019626272459552736,46.30372619628906,1012,0.006337607968343447,40.01177668571472,841,0.006978076614745669,61.90831661224365,1454,-0.01968072824282189,81.2791690826416,1992,0.015633151547549524,30.49315118789673,581,0.015414698483192754,77.22181940078735,1869,-0.003694799256651373,27.739908933639526,510,0.0012331029323682306,65.12817335128784,1531
146,-0.01169349871525148,53.151371002197266,1208,-0.010633795034317748,81.42318058013916,1967,0.018107440195927027,67.14480519294739,1597,0.005790455811688689,41.16287708282471,883,0.006845821734188359,62.39720797538757,1460,-0.017429867974754903,62.46483016014099,1456,0.01506538415441708,39.296196937561035,831,0.015465774909168681,65.05111932754517,1539,-0.0038794250715346603,44.94285273551941,992,5.9027655595005274e-05,47.491026639938354,1061
147,-0.011809291066350163,62.54359006881714,1473,-0.008781631250639223,53.685367822647095,1218,0.019113646568478786,47.60259485244751,1056,0.006069797921825099,55.277928590774536,1257,0.006602876492448749,30.338747262954712,580,-0.015244450923558825,52.957719564437866,1186,0.015287752087051805,73.65030908584595,1749,0.015452250032811548,77.87372016906738,1882,-0.0034005484870962234,50.093592166900635,1122,-0.0007258347562841553,26.575225353240967,483
148,-0.013592939248821078,73.75149154663086,1776,-0.009130237486538474,26.28705906867981,476,0.017495342549061637,65.73678922653198,1555,0.006517421079161982,55.390339374542236,1268,0.006914439617387394,57.43490505218506,1320,-0.015605581686800755,14.810264825820923,160,0.014973738049500742,71.51304006576538,1705,0.01698488757114282,66.85176920890808,1580,-0.0034902671839566876,76.04068684577942,1828,-0.0013538394998384089,76.85356497764587,1880
149,-0.015249402125676471,80.42927479743958,1978,-0.01026174346605937,51.63008213043213,1161,0.017122999032338482,14.646681308746338,156,-0.0016641322771708171,47.27725291252136,1029,0.006026705503463739,78.49570202827454,1930,-0.015609393119812008,67.75309586524963,1612,0.015967839558919273,54.1793053150177,1246,0.016878904898961385,35.207606077194214,717,-0.003503913879394535,9.420316934585571,11,-0.0009260098139445072,44.75665545463562,979
150,-0.014525327856177524,10.257745265960693,36,-0.010274746560103059,55.712857484817505,1286,0.01738854433527058,33.865312814712524,683,-0.0016155550811464423,43.911484718322754,984,0.006914296292311302,30.256680965423584,606,-0.015601260377871276,73.58499526977539,1763,0.016203792284656043,69.58539867401123,1649,0.016009628772735592,59.687870025634766,1367,-0.003304070194825435,52.13892722129822,1149,-0.0009392981497657304,14.581380367279053,147
151,-0.01435494618980508,26.671258211135864,471,-0.010488778352737428,22.72386145591736,380,0.017044217962967744,69.64829611778259,1655,-0.0009238441523752715,76.44580793380737,1851,0.006829662934729921,46.06672286987305,1023,-0.01588993441117437,75.6308434009552,1822,0.016469797805735938,73.89642858505249,1776,0.015532367715710085,64.41744351387024,1509,-0.0061388196129547965,30.32948327064514,570,-0.0006771773884171017,55.68281579017639,1276
152,-0.014691325184566522,75.10511016845703,1813,-0.01109365271586998,49.82004714012146,1113,0.016351272078121433,18.316773653030396,254,-0.0011370162558711433,26.41981315612793,475,0.006751773404140092,77.08637118339539,1868,-0.01621620795306037,71.43505001068115,1707,0.01628224600374309,38.18953609466553,799,0.014436431569990766,69.87504076957703,1666,-0.0051525901345645725,42.49951529502869,913,-0.0006630966086792874,72.59930562973022,1725
153,-0.013702009018365437,26.06433916091919,468,-0.012106698054771922,39.07774305343628,815,0.01732769414976048,67.22458338737488,1591,-0.0007342293665006565,68.19272589683533,1620,0.009007879665919706,41.78040051460266,895,-0.015125040110055499,62.78083395957947,1466,0.016020472947653238,14.94214391708374,160,0.014659771671542872,38.98547840118408,826,-0.005475735509550421,20.02313232421875,309,-0.0011870086967171096,65.87566304206848,1564
154,-0.014623961910124746,48.62718868255615,1085,-0.011859006266440118,19.4076030254364,287,0.016514887348298125,50.193581342697144,1131,-0.00018416258596604888,80.93394875526428,1966,0.00839309423200545,59.5495388507843,1389,-0.015236569989112112,17.503782272338867,230,0.016191209131671536,23.876630783081055,408,0.014493434659896356,61.41131663322449,1425,-0.005578394859067859,39.037020206451416,824,-0.001268410682678231,32.320308446884155,635
155,-0.014345794151990839,40.26561975479126,859,-0.011520788455620795,20.212426900863647,306,0.016677649357380035,14.545313358306885,151,-0.0008860432948821632,23.85795283317566,409,0.009492794290567048,74.03938698768616,1775,-0.015005446015260155,60.42125964164734,1392,0.014619261408463504,21.26285982131958,331,0.013634211359879907,66.67762064933777,1579,-0.005575019579667315,79.67238783836365,1941,-0.001286879563942942,47.451987743377686,1048
156,-0.01408707677938376,74.28491806983948,1797,-0.011255457143115394,30.224194765090942,584,0.016451758184250775,28.35239815711975,533,-0.0013143530317172884,78.51539206504822,1902,0.010668893528592049,65.61257743835449,1555,-0.015463982038437176,52.04939007759094,1171,0.013191412588593309,45.886568546295166,1000,0.013267403954912901,25.62378239631653,439,-0.005435393874052986,11.033764839172363,56,-0.0010769781033704317,39.49932408332825,834
157,-0.013976510189756559,38.53559756278992,805,-0.010798325267019156,56.28277397155762,1284,0.016111185656318205,63.81667470932007,1502,-0.0012813357612754725,74.56446123123169,1780,0.011734513542320149,66.57977724075317,1584,-0.015441519927374919,60.60157656669617,1392,0.013734794115718409,45.87030029296875,1004,0.012691517419452906,51.5011625289917,1154,-0.0050911975057819255,44.785000801086426,972,-0.002043922867956049,54.656150341033936,1254
158,-0.014027749967275172,23.315335988998413,396,-0.010349067502051784,58.7867476940155,1357,0.01649457816057987,64.21139764785767,1519,-0.0019355719944216172,26.255925178527832,467,0.010983395501502648,61.685139656066895,1446,-0.014808951308892203,38.066139459609985,797,0.013513899449282473,74.75872731208801,1803,0.013007266716387285,48.195600748062134,1073,-0.004745242730626523,34.66659903526306,707,-0.0018562786983993902,27.60647940635681,512
159,-0.013896407932043072,49.99562692642212,1112,-0.009868389368057255,10.452505350112915,39,0.016523161157965684,28.421700477600098,532,-0.00218975767493248,75.77136826515198,1821,0.011308037489652627,78.15192008018494,1888,-0.01481007225811481,11.41758108139038,67,0.012573783844709398,24.06957745552063,413,0.012242713943123816,64.51167440414429,1522,-0.004978712275624278,25.21566343307495,446,-0.0014582477509975519,44.326481103897095,966
160,-0.014075894903692397,28.335652828216553,524,-0.010789054891337522,42.72298765182495,919,0.016733712661340393,9.692938089370728,20,-0.002905405086019765,29.966453313827515,571,0.011898102967635438,57.022950172424316,1307,-0.01481997522508135,63.84815692901611,1494,0.01263089913018742,37.786707639694214,787,0.011289148967458591,66.59626603126526,1576,-0.00528349676487609,41.53764748573303,896,-0.0013782245031795232,46.76377320289612,1036
161,-0.013887325554718203,23.926528930664062,408,-0.011908896543361526,36.94169235229492,768,0.016780711250540675,41.19250011444092,879,-0.0027193754543492826,39.98357653617859,849,0.011515996338408663,62.259315729141235,1451,-0.014233469963073725,31.625774383544922,620,0.01176079445415073,30.341471433639526,583,0.010703703135619925,77.79228973388672,1886,-0.004043459524343046,52.337031841278076,1185,-0.0012930127573602078,61.46316051483154,1431
162,-0.013712908958364847,30.758963108062744,597,-0.011906385056080267,27.736974239349365,513,0.016835626648978978,46.999685525894165,1043,-0.00315037497713522,80.24167442321777,1940,0.011679593039436567,77.12004518508911,1868,-0.013831815470947074,47.973376750946045,1084,0.01176990943452332,10.444899797439575,41,0.010792457618596362,64.25730228424072,1514,-0.00412865760136236,14.587265729904175,155,-0.0005336868251028321,54.80962562561035,1258
163,-0.013592085096894238,27.275919198989868,488,-0.011879056328680462,10.759318828582764,48,0.016350142112592395,71.39381456375122,1707,-0.002736282057878448,47.94089078903198,1069,0.012655099354139181,30.071331024169922,565,-0.01354827604642728,19.54754662513733,291,0.012725931842152666,59.39746427536011,1371,0.010202933011985405,16.346916913986206,199,-0.003207419340203451,42.50156283378601,916,-0.0005050999362294351,15.126230716705322,167
164,-0.012931527874686499,58.70108485221863,1356,-0.014567850214062318,41.83560490608215,908,0.017903356841116262,23.942930459976196,393,-0.0040288527806599935,46.04246425628662,1015,0.013015342842448834,53.511255979537964,1206,-0.011506216092543164,51.03479528427124,1154,0.012104562195864591,81.62815117835999,1974,0.01024790641033288,37.66844725608826,791,-0.0029494386730772103,48.63509774208069,1086,-0.0005292310859217872,78.50580835342407,1914
165,-0.013681264526872747,21.999879598617554,351,-0.014202535511499432,39.19753074645996,831,0.01842199678880625,61.96779704093933,1443,-0.0038619382553789997,80.59593296051025,1955,0.012294139847697975,56.405380964279175,1281,-0.011595993515956828,22.632989168167114,369,0.012570098222020163,60.44248342514038,1410,0.010221316512808741,42.41237831115723,920,-0.0023675654307905476,44.43570804595947,978,-0.0005714677902589444,79.85412764549255,1946
166,-0.013759365695679255,41.628612756729126,892,-0.014390674536813522,26.824078798294067,484,0.018393434807212075,45.29808187484741,996,-0.0040683924794910915,39.81464099884033,836,0.012252935035499977,28.483497142791748,535,-0.011498456586620761,12.514029741287231,98,0.011509529130901407,64.52448034286499,1522,0.010603120583973957,81.37157249450684,1959,-0.0023331863437584086,51.2039053440094,1144,-0.0006026978978139994,10.381407499313354,39
167,-0.014149048853488192,72.4831223487854,1731,-0.014306962135292239,45.85649085044861,1003,0.01923093199729922,58.76592683792114,1364,-0.004902943968772888,38.17196846008301,794,0.012448013538406003,38.90159797668457,822,-0.00919621224914278,17.939532995224,245,0.010173411951178598,68.03045701980591,1619,0.010595530626319702,13.17870306968689,116,-0.0019426083280926684,39.280925273895264,832,-0.0008626353173028936,10.993370294570923,56
168,-0.013977487764414947,51.28871726989746,1151,-0.015046539391286279,69.1234359741211,1640,0.01882614398143703,55.380512714385986,1277,-0.005645072671788684,61.86281609535217,1478,0.011933565492460706,53.66582202911377,1222,-0.009459788277304381,65.08569598197937,1536,0.010298108208108937,24.631718397140503,418,0.009248905986018432,36.531978607177734,747,-0.001070833065100678,24.653583526611328,429,-0.001199342089997249,74.99354219436646,1815
169,-0.013796686074312992,48.461528062820435,1078,-0.015102773554184863,26.18538236618042,474,0.01844776693512414,46.616111040115356,1039,-0.005622818189508775,10.718427181243896,42,0.010823543282116153,25.314172506332397,448,-0.009117705331129183,75.54381394386292,1829,0.010354099554174089,29.81839418411255,569,0.009058887818280384,22.91814875602722,377,-0.001413185456219844,48.58156156539917,1055,-0.000896443338955158,61.24765062332153,1429
170,-0.013464084145618456,62.26774024963379,1463,-0.014084910091600924,37.25070643424988,768,0.01793830366859661,42.68161177635193,915,-0.005713889473362973,39.58077144622803,831,0.010556262487556494,40.90803003311157,863,-0.008656452970895151,29.81450915336609,569,0.010770023217675282,14.11340045928955,141,0.007967389117904568,30.86436414718628,605,-0.0010877830243250107,61.53147506713867,1428,-0.002251938769691877,73.15598917007446,1755
171,-0.012278386326723314,37.584428787231445,784,-0.01403109036212744,48.01890420913696,1068,0.018589280025903588,68.99718737602234,1647,-0.0049067146556321965,19.22434663772583,281,0.010663411645002134,27.733556985855103,513,-0.0075059144995933335,64.005544424057,1498,0.007826106146324513,79.51250791549683,1932,0.008383661508560175,71.02453804016113,1671,-0.0003518985454426279,16.430938959121704,196,-0.0024400526701017946,16.703367710113525,210
172,-0.012182630900013647,37.481740951538086,791,-0.016585530917768536,66.02366924285889,1575,0.01861435691745297,52.18592977523804,1174,-0.005285774352233533,65.78206419944763,1558,0.010294615188775025,35.97756099700928,739,-0.007579667719802413,65.9463210105896,1559,0.007555590888668346,44.55939841270447,955,0.007931276552938996,33.56481170654297,680,0.0001891630922438758,23.927287340164185,407,-0.00297966685598297,77.07892417907715,1867
173,-0.012155290307669797,18.6346652507782,260,-0.016350068922700557,15.707102537155151,187,0.018162384800527308,16.06570053100586,192,-0.005617725780640524,76.89194583892822,1884,0.010619564303036384,35.14455580711365,729,-0.006759369167788272,26.526315450668335,449,0.0072577314815302,24.966216325759888,414,0.005034082922442201,24.25729727745056,394,0.00027294234297741186,76.76187229156494,1844,-0.0038042602867915786,26.930505752563477,498
174,-0.012069417408534452,9.11135721206665,4,-0.0163357881137303,18.34873366355896,248,0.018226166452680336,29.652544736862183,566,-0.007829081671578543,49.3239164352417,1087,0.010509613922664088,34.209892988204956,672,-0.007122745854513983,38.53146147727966,809,0.006922563825334821,71.26915645599365,1707,0.004941264901842385,77.75237941741943,1859,0.000662131309509275,81.74669909477234,1979,-0.003954703467232847,39.998281717300415,843
175,-0.010699233209544953,83.9243381023407,1995,-0.015512759712609384,55.73864150047302,1260,0.021427978846159865,70.17330193519592,1643,-0.007926461710171265,35.11155962944031,713,0.010085761547088614,23.712380170822144,410,-0.006923376836559986,36.45837926864624,750,0.007257953624833713,57.42634963989258,1340,0.004952385682951316,77.42227697372437,1880,0.0007323554971001341,59.372854709625244,1388,-0.003692962567914622,35.288405895233154,730
176,-0.010813181683168565,56.765684366226196,1337,-0.01553751418819536,62.39530825614929,1477,0.021369878855128765,30.068265199661255,583,-0.007512835122771182,19.202064514160156,287,0.010149493055828539,20.821585416793823,330,-0.005898698575079102,74.35447072982788,1805,0.008000940926330911,69.31037759780884,1653,0.005265106589107186,79.80857753753662,1973,0.0009603237701674616,80.52799224853516,1980,-0.0033878226064692845,16.627244234085083,212
177,-0.011473989218808284,51.94440460205078,1151,-0.01771899153677266,42.05223894119263,907,0.02169788586959412,33.89185380935669,688,-0.007231886132379596,75.1525068283081,1829,0.010651710328091389,79.26553106307983,1936,-0.006298569146167025,71.74747967720032,1730,0.008041866374819465,34.413323163986206,704,0.005288297875543655,39.75409984588623,842,0.0005492048986842101,59.67291712760925,1391,-0.002593419859918322,33.97042798995972,690
178,-0.012635566668803456,45.217814922332764,997,-0.01414839948355819,26.683618545532227,489,0.02095099434506295,25.05241632461548,446,-0.007486725319697203,58.80702185630798,1372,0.0115814335519375,80.68588733673096,1960,-0.006751085459853016,60.87301731109619,1443,0.007159165163945884,74.16695880889893,1811,0.005305687475470853,17.548965454101562,245,0.0004543682050438544,72.92106413841248,1762,-0.0020754370609475307,23.04031014442444,390
179,-0.012261522147390569,33.38841533660889,667,-0.014663361840777933,68.67821741104126,1656,0.020509019494056716,49.593281507492065,1129,-0.008109722203678555,17.01433300971985,222,0.0155326935980055,56.8324077129364,1317,-0.006946201788054571,15.710084676742554,190,0.006929623418384127,51.44421410560608,1158,0.004292884137895368,38.415449380874634,793,0.0005869991249508305,29.53599786758423,565,-0.0043575846486621495,29.942628860473633,581
180,-0.012694846859294399,38.412943601608276,807,-0.01421717155045568,36.896509647369385,758,0.019710182155693447,20.013720512390137,307,-0.007910682680857116,22.27313542366028,370,0.01535532224244175,9.894994258880615,27,-0.0068584147079214855,50.881691455841064,1147,0.007022315296678911,22.06767225265503,362,0.002619102514909772,63.63199019432068,1497,0.0002863041603762779,89.02073192596436,1970,-0.0037749577622387355,79.53257870674133,1833
